{
  "resources": [
    "foley.mp3"
  ],
  "spritemap": {
    "silence": {
      "start": 0,
      "end": 2,
      "loop": true
    },
    "aggro_alert": {
      "start": 3,
      "end": 3.7314285714285713,
      "loop": false
    },
    "arcade_game_ready": {
      "start": 5,
      "end": 5.789478458049887,
      "loop": false
    },
    "arcade_game_triggered": {
      "start": 7,
      "end": 7.440476190476191,
      "loop": false
    },
    "bass_kicks2": {
      "start": 9,
      "end": 10.776326530612245,
      "loop": false
    },
    "battle_armor_broken3": {
      "start": 12,
      "end": 12.620204081632654,
      "loop": false
    },
    "battle_armor_hit3": {
      "start": 14,
      "end": 14.360204081632652,
      "loop": false
    },
    "battle_arrow_hit": {
      "start": 16,
      "end": 16.17310657596372,
      "loop": false
    },
    "battle_cast": {
      "start": 18,
      "end": 18.930204081632652,
      "loop": false
    },
    "battle_fire_explosion1_1": {
      "start": 20,
      "end": 21.166167800453515,
      "loop": false
    },
    "battle_interrupt_channel": {
      "start": 23,
      "end": 23.240204081632655,
      "loop": false
    },
    "battle_lost": {
      "start": 25,
      "end": 26.69795918367347,
      "loop": false
    },
    "battle_ready2": {
      "start": 28,
      "end": 28.390204081632653,
      "loop": false
    },
    "battle_recovery": {
      "start": 30,
      "end": 30.28734693877551,
      "loop": false
    },
    "battle_staggered1_2": {
      "start": 32,
      "end": 32.76698412698413,
      "loop": false
    },
    "battle_swing1": {
      "start": 34,
      "end": 34.271473922902494,
      "loop": false
    },
    "battle_swing2": {
      "start": 36,
      "end": 36.21795918367347,
      "loop": false
    },
    "battle_swing3": {
      "start": 38,
      "end": 38.45764172335601,
      "loop": false
    },
    "battle_swing4": {
      "start": 40,
      "end": 40.43768707482993,
      "loop": false
    },
    "blip": {
      "start": 42,
      "end": 42.05020408163265,
      "loop": false
    },
    "car_woosh": {
      "start": 44,
      "end": 45.30612244897959,
      "loop": false
    },
    "change_room": {
      "start": 47,
      "end": 47.67918367346939,
      "loop": false
    },
    "dead3": {
      "start": 49,
      "end": 49.83877551020408,
      "loop": false
    },
    "deep_siren": {
      "start": 51,
      "end": 52.25387755102041,
      "loop": false
    },
    "despawn": {
      "start": 54,
      "end": 54.910272108843536,
      "loop": false
    },
    "despawn_tut_wall": {
      "start": 56,
      "end": 56.660204081632656,
      "loop": false
    },
    "dialog_select": {
      "start": 58,
      "end": 58.39693877551021,
      "loop": false
    },
    "dialog_start": {
      "start": 60,
      "end": 60.15673469387755,
      "loop": false
    },
    "dialog_woosh": {
      "start": 62,
      "end": 62.23625850340136,
      "loop": false
    },
    "eject_tokens": {
      "start": 64,
      "end": 65.01997732426304,
      "loop": false
    },
    "emotion": {
      "start": 67,
      "end": 67.23786848072562,
      "loop": false
    },
    "encounter": {
      "start": 69,
      "end": 71.0914739229025,
      "loop": false
    },
    "evasion3": {
      "start": 73,
      "end": 73.99265306122449,
      "loop": false
    },
    "exp_gain2": {
      "start": 75,
      "end": 76.67183673469388,
      "loop": false
    },
    "fanfare": {
      "start": 78,
      "end": 81.60489795918367,
      "loop": false
    },
    "gain_token": {
      "start": 83,
      "end": 83.36934240362812,
      "loop": false
    },
    "get_item2": {
      "start": 85,
      "end": 85.78367346938775,
      "loop": false
    },
    "insert_token": {
      "start": 87,
      "end": 87.83056689342403,
      "loop": false
    },
    "jump2": {
      "start": 89,
      "end": 89.24532879818594,
      "loop": false
    },
    "jump_cutscene": {
      "start": 91,
      "end": 91.18020408163265,
      "loop": false
    },
    "level_up": {
      "start": 93,
      "end": 93.53020408163265,
      "loop": false
    },
    "make_purchase": {
      "start": 95,
      "end": 95.9404081632653,
      "loop": false
    },
    "menu_cancel": {
      "start": 97,
      "end": 97.20485260770975,
      "loop": false
    },
    "menu_choice_close": {
      "start": 99,
      "end": 99.33104308390023,
      "loop": false
    },
    "menu_choice_open2": {
      "start": 101,
      "end": 101.32380952380953,
      "loop": false
    },
    "menu_move2": {
      "start": 103,
      "end": 103.10020408163265,
      "loop": false
    },
    "menu_select2": {
      "start": 105,
      "end": 105.36390022675737,
      "loop": false
    },
    "menu_sparkle2": {
      "start": 107,
      "end": 109.52365079365079,
      "loop": false
    },
    "notification": {
      "start": 111,
      "end": 111.10448979591837,
      "loop": false
    },
    "phone_beep": {
      "start": 113,
      "end": 113.53539682539683,
      "loop": false
    },
    "phone_beep_off": {
      "start": 115,
      "end": 115.53537414965986,
      "loop": false
    },
    "phone_ring": {
      "start": 117,
      "end": 119.31353741496599,
      "loop": false
    },
    "pop": {
      "start": 121,
      "end": 121.03020408163265,
      "loop": false
    },
    "quest_completed": {
      "start": 123,
      "end": 123.26122448979592,
      "loop": false
    },
    "quest_started": {
      "start": 125,
      "end": 125.26122448979592,
      "loop": false
    },
    "red_door_close": {
      "start": 127,
      "end": 127.73142857142857,
      "loop": false
    },
    "red_door_open": {
      "start": 129,
      "end": 129.88816326530613,
      "loop": false
    },
    "rez": {
      "start": 131,
      "end": 133.14204081632653,
      "loop": false
    },
    "robot_channel_start": {
      "start": 135,
      "end": 136.08020408163264,
      "loop": false
    },
    "robot_charge_up": {
      "start": 138,
      "end": 138.81680272108844,
      "loop": false
    },
    "robot_clank": {
      "start": 140,
      "end": 140.6530612244898,
      "loop": false
    },
    "robot_clank2": {
      "start": 142,
      "end": 142.47020408163266,
      "loop": false
    },
    "robot_clank3": {
      "start": 144,
      "end": 144.39183673469387,
      "loop": false
    },
    "robot_clank4": {
      "start": 146,
      "end": 146.3657142857143,
      "loop": false
    },
    "robot_staggered3": {
      "start": 148,
      "end": 148.7034693877551,
      "loop": false
    },
    "robot_staggered_damaged2": {
      "start": 150,
      "end": 150.32036281179137,
      "loop": false
    },
    "shoot_arrow": {
      "start": 152,
      "end": 152.16761904761904,
      "loop": false
    },
    "skye_kick_vending_machine": {
      "start": 154,
      "end": 154.26727891156463,
      "loop": false
    },
    "sliding_door_close": {
      "start": 156,
      "end": 156.44408163265305,
      "loop": false
    },
    "sliding_door_open": {
      "start": 158,
      "end": 158.44408163265305,
      "loop": false
    },
    "spawn_enemy": {
      "start": 160,
      "end": 160.60124716553287,
      "loop": false
    },
    "terminal_cancel": {
      "start": 162,
      "end": 162.14190476190475,
      "loop": false
    },
    "token_get": {
      "start": 164,
      "end": 164.26122448979592,
      "loop": false
    },
    "use_item": {
      "start": 166,
      "end": 166.29020408163265,
      "loop": false
    },
    "vending_machine": {
      "start": 168,
      "end": 168.80979591836734,
      "loop": false
    },
    "vr_portal_activate": {
      "start": 170,
      "end": 170.47020408163266,
      "loop": false
    },
    "vr_portal_beep": {
      "start": 172,
      "end": 172.23020408163265,
      "loop": false
    },
    "vr_portal_buzz": {
      "start": 174,
      "end": 174.6943537414966,
      "loop": false
    },