{
  "resources": [
    "foley.mp3"
  ],
  "spritemap": {
    "silence": {
      "start": 0,
      "end": 2,
      "loop": true
    },
    "aggro_alert": {
      "start": 3,
      "end": 3.7314285714285713,
      "loop": false
    },
    "arcade_game_ready": {
      "start": 5,
      "end": 5.789478458049887,
      "loop": false
    },
    "arcade_game_triggered": {
      "start": 7,
      "end": 7.440476190476191,
      "loop": false
    },
    "bass_kicks2": {
      "start": 9,
      "end": 10.776326530612245,
      "loop": false
    },
    "battle_armor_broken3": {
      "start": 12,
      "end": 12.620204081632654,
      "loop": false
    },
    "battle_armor_hit3": {
      "start": 14,
      "end": 14.360204081632652,
      "loop": false
    },
    "battle_arrow_hit": {
      "start": 16,
      "end": 16.17310657596372,
      "loop": false
    },
    "battle_cast": {
      "start": 18,
      "end": 18.930204081632652,
      "loop": false
    },
    "battle_fire_explosion1_1": {
      "start": 20,
      "end": 21.166167800453515,
      "loop": false
    },
    "battle_interrupt_channel": {
      "start": 23,
      "end": 23.240204081632655,
      "loop": false
    },
    "battle_ready2": {
      "start": 25,
      "end": 25.390204081632653,
      "loop": false
    },
    "battle_staggered1_2": {
      "start": 27,
      "end": 27.766984126984127,
      "loop": false
    },
    "battle_swing1": {
      "start": 29,
      "end": 29.271473922902494,
      "loop": false
    },
    "battle_swing2": {
      "start": 31,
      "end": 31.217959183673468,
      "loop": false
    },
    "battle_swing3": {
      "start": 33,
      "end": 33.45764172335601,
      "loop": false
    },
    "battle_swing4": {
      "start": 35,
      "end": 35.43768707482993,
      "loop": false
    },
    "blip": {
      "start": 37,
      "end": 37.05020408163265,
      "loop": false
    },
    "change_room": {
      "start": 39,
      "end": 39.723174603174606,
      "loop": false
    },
    "dead3": {
      "start": 41,
      "end": 41.83877551020408,
      "loop": false
    },
    "despawn": {
      "start": 43,
      "end": 43.910272108843536,
      "loop": false
    },
    "despawn_tut_wall": {
      "start": 45,
      "end": 45.660204081632656,
      "loop": false
    },
    "dialog_select": {
      "start": 47,
      "end": 47.39693877551021,
      "loop": false
    },
    "dialog_woosh": {
      "start": 49,
      "end": 49.23625850340136,
      "loop": false
    },
    "eject_tokens": {
      "start": 51,
      "end": 52.01997732426304,
      "loop": false
    },
    "emotion": {
      "start": 54,
      "end": 54.23786848072562,
      "loop": false
    },
    "encounter": {
      "start": 56,
      "end": 58.091473922902495,
      "loop": false
    },
    "evasion3": {
      "start": 60,
      "end": 60.99265306122449,
      "loop": false
    },
    "exp_gain2": {
      "start": 62,
      "end": 63.671836734693876,
      "loop": false
    },
    "fanfare": {
      "start": 65,
      "end": 68.60489795918367,
      "loop": false
    },
    "gain_token": {
      "start": 70,
      "end": 70.36934240362812,
      "loop": false
    },
    "get_item2": {
      "start": 72,
      "end": 72.78367346938775,
      "loop": false
    },
    "insert_token": {
      "start": 74,
      "end": 74.83056689342403,
      "loop": false
    },
    "jump2": {
      "start": 76,
      "end": 76.24532879818594,
      "loop": false
    },
    "jump_cutscene": {
      "start": 78,
      "end": 78.18020408163265,
      "loop": false
    },
    "level_up": {
      "start": 80,
      "end": 80.53020408163265,
      "loop": false
    },
    "menu_cancel": {
      "start": 82,
      "end": 82.20485260770975,
      "loop": false
    },
    "menu_choice_close": {
      "start": 84,
      "end": 84.33104308390023,
      "loop": false
    },
    "menu_choice_open2": {
      "start": 86,
      "end": 86.32380952380953,
      "loop": false
    },
    "menu_move2": {
      "start": 88,
      "end": 88.10020408163265,
      "loop": false
    },
    "menu_select2": {
      "start": 90,
      "end": 90.36390022675737,
      "loop": false
    },
    "menu_sparkle2": {
      "start": 92,
      "end": 94.52365079365079,
      "loop": false
    },
    "notification": {
      "start": 96,
      "end": 96.10448979591837,
      "loop": false
    },
    "phone_beep": {
      "start": 98,
      "end": 98.53539682539683,
      "loop": false
    },
    "phone_beep_off": {
      "start": 100,
      "end": 100.53537414965986,
      "loop": false
    },
    "phone_ring": {
      "start": 102,
      "end": 104.31353741496599,
      "loop": false
    },
    "pop": {
      "start": 106,
      "end": 106.03020408163265,
      "loop": false
    },
    "quest_completed": {
      "start": 108,
      "end": 108.26122448979592,
      "loop": false
    },
    "quest_started": {
      "start": 110,
      "end": 110.26122448979592,
      "loop": false
    },
    "rez": {
      "start": 112,
      "end": 114.14204081632653,
      "loop": false
    },
    "robot_channel_start": {
      "start": 116,
      "end": 117.08020408163266,
      "loop": false
    },
    "robot_charge_up": {
      "start": 119,
      "end": 119.81680272108844,
      "loop": false
    },
    "robot_staggered3": {
      "start": 121,
      "end": 121.7034693877551,
      "loop": false
    },
    "robot_staggered_damaged2": {
      "start": 123,
      "end": 123.32036281179138,
      "loop": false
    },
    "shoot_arrow": {
      "start": 125,
      "end": 125.16761904761904,
      "loop": false
    },
    "skye_kick_vending_machine": {
      "start": 127,
      "end": 127.26727891156463,
      "loop": false
    },
    "spawn_enemy": {
      "start": 129,
      "end": 129.60124716553287,
      "loop": false
    },
    "terminal_cancel": {
      "start": 131,
      "end": 131.14190476190475,
      "loop": false
    },
    "use_item": {
      "start": 133,
      "end": 133.29020408163265,
      "loop": false
    },
    "vr_portal_activate": {
      "start": 135,
      "end": 135.47020408163266,
      "loop": false
    },
    "vr_portal_beep": {
      "start": 137,
      "end": 137.23020408163265,
      "loop": false
    },
    "vr_portal_buzz": {
      "start": 139,
      "end": 139.6943537414966,
      "loop": false
    },
    "vr_portal_deactivate": {
      "start": 141,
      "end": 141.47020408163266,
      "loop": false
    },
    "vr_portal_focus": {
      "start": 143,
      "end": 143.69020408163266,
      "loop": false
    },
    "vr_portal_landed": {
      "start": 145,
      "end": 145.45020408163265,
      "loop": false
    },
    "vr_portal_start": {
      "start": 147,
      "end": 147.95020408163265,
      "loop": false
    },
    "vr_portal_zoom": {
      "start": 149,
      "end": 152.60020408163265,
      "loop": false
    },
    "woosh": {
      "start": 154,
      "end": 154.4171201814059,
      "loop": false
    },
    "woosh_reverse": {
      "start": 156,
      "end": 156.35156462585033,
      "loop": false
    }
  },
  "autoplay": "silence"
}