{
  "resources": [
    "foley.mp3"
  ],
  "spritemap": {
    "silence": {
      "start": 0,
      "end": 2,
      "loop": true
    },
    "aggro_alert": {
      "start": 3,
      "end": 3.7314285714285713,
      "loop": false
    },
    "arcade_game_ready": {
      "start": 5,
      "end": 5.789478458049887,
      "loop": false
    },
    "arcade_game_triggered": {
      "start": 7,
      "end": 7.440476190476191,
      "loop": false
    },
    "bass_kicks2": {
      "start": 9,
      "end": 10.776326530612245,
      "loop": false
    },
    "battle_armor_broken3": {
      "start": 12,
      "end": 12.620204081632654,
      "loop": false
    },
    "battle_armor_hit3": {
      "start": 14,
      "end": 14.360204081632652,
      "loop": false
    },
    "battle_arrow_hit": {
      "start": 16,
      "end": 16.17310657596372,
      "loop": false
    },
    "battle_cast": {
      "start": 18,
      "end": 18.930204081632652,
      "loop": false
    },
    "battle_fire_explosion1_1": {
      "start": 20,
      "end": 21.166167800453515,
      "loop": false
    },
    "battle_interrupt_channel": {
      "start": 23,
      "end": 23.240204081632655,
      "loop": false
    },
    "battle_ready2": {
      "start": 25,
      "end": 25.390204081632653,
      "loop": false
    },
    "battle_staggered1_2": {
      "start": 27,
      "end": 27.766984126984127,
      "loop": false
    },
    "battle_swing1": {
      "start": 29,
      "end": 29.271473922902494,
      "loop": false
    },
    "battle_swing2": {
      "start": 31,
      "end": 31.217959183673468,
      "loop": false
    },
    "battle_swing3": {
      "start": 33,
      "end": 33.45764172335601,
      "loop": false
    },
    "battle_swing4": {
      "start": 35,
      "end": 35.43768707482993,
      "loop": false
    },
    "blip": {
      "start": 37,
      "end": 37.05020408163265,
      "loop": false
    },
    "car_woosh": {
      "start": 39,
      "end": 40.30612244897959,
      "loop": false
    },
    "change_room": {
      "start": 42,
      "end": 42.67918367346939,
      "loop": false
    },
    "dead3": {
      "start": 44,
      "end": 44.83877551020408,
      "loop": false
    },
    "deep_siren": {
      "start": 46,
      "end": 47.25387755102041,
      "loop": false
    },
    "despawn": {
      "start": 49,
      "end": 49.910272108843536,
      "loop": false
    },
    "despawn_tut_wall": {
      "start": 51,
      "end": 51.660204081632656,
      "loop": false
    },
    "dialog_select": {
      "start": 53,
      "end": 53.39693877551021,
      "loop": false
    },
    "dialog_start": {
      "start": 55,
      "end": 55.15673469387755,
      "loop": false
    },
    "dialog_woosh": {
      "start": 57,
      "end": 57.23625850340136,
      "loop": false
    },
    "eject_tokens": {
      "start": 59,
      "end": 60.01997732426304,
      "loop": false
    },
    "emotion": {
      "start": 62,
      "end": 62.23786848072562,
      "loop": false
    },
    "encounter": {
      "start": 64,
      "end": 66.0914739229025,
      "loop": false
    },
    "evasion3": {
      "start": 68,
      "end": 68.99265306122449,
      "loop": false
    },
    "exp_gain2": {
      "start": 70,
      "end": 71.67183673469388,
      "loop": false
    },
    "fanfare": {
      "start": 73,
      "end": 76.60489795918367,
      "loop": false
    },
    "gain_token": {
      "start": 78,
      "end": 78.36934240362812,
      "loop": false
    },
    "get_item2": {
      "start": 80,
      "end": 80.78367346938775,
      "loop": false
    },
    "insert_token": {
      "start": 82,
      "end": 82.83056689342403,
      "loop": false
    },
    "jump2": {
      "start": 84,
      "end": 84.24532879818594,
      "loop": false
    },
    "jump_cutscene": {
      "start": 86,
      "end": 86.18020408163265,
      "loop": false
    },
    "level_up": {
      "start": 88,
      "end": 88.53020408163265,
      "loop": false
    },
    "menu_cancel": {
      "start": 90,
      "end": 90.20485260770975,
      "loop": false
    },
    "menu_choice_close": {
      "start": 92,
      "end": 92.33104308390023,
      "loop": false
    },
    "menu_choice_open2": {
      "start": 94,
      "end": 94.32380952380953,
      "loop": false
    },
    "menu_move2": {
      "start": 96,
      "end": 96.10020408163265,
      "loop": false
    },
    "menu_select2": {
      "start": 98,
      "end": 98.36390022675737,
      "loop": false
    },
    "menu_sparkle2": {
      "start": 100,
      "end": 102.52365079365079,
      "loop": false
    },
    "notification": {
      "start": 104,
      "end": 104.10448979591837,
      "loop": false
    },
    "phone_beep": {
      "start": 106,
      "end": 106.53539682539683,
      "loop": false
    },
    "phone_beep_off": {
      "start": 108,
      "end": 108.53537414965986,
      "loop": false
    },
    "phone_ring": {
      "start": 110,
      "end": 112.31353741496599,
      "loop": false
    },
    "pop": {
      "start": 114,
      "end": 114.03020408163265,
      "loop": false
    },
    "quest_completed": {
      "start": 116,
      "end": 116.26122448979592,
      "loop": false
    },
    "quest_started": {
      "start": 118,
      "end": 118.26122448979592,
      "loop": false
    },
    "red_door_close": {
      "start": 120,
      "end": 120.73142857142857,
      "loop": false
    },
    "red_door_open": {
      "start": 122,
      "end": 122.88816326530612,
      "loop": false
    },
    "rez": {
      "start": 124,
      "end": 126.14204081632653,
      "loop": false
    },
    "robot_channel_start": {
      "start": 128,
      "end": 129.08020408163264,
      "loop": false
    },
    "robot_charge_up": {
      "start": 131,
      "end": 131.81680272108844,
      "loop": false
    },
    "robot_staggered3": {
      "start": 133,
      "end": 133.7034693877551,
      "loop": false
    },
    "robot_staggered_damaged2": {
      "start": 135,
      "end": 135.32036281179137,
      "loop": false
    },
    "shoot_arrow": {
      "start": 137,
      "end": 137.16761904761904,
      "loop": false
    },
    "skye_kick_vending_machine": {
      "start": 139,
      "end": 139.26727891156463,
      "loop": false
    },
    "sliding_door_close": {
      "start": 141,
      "end": 141.44408163265305,
      "loop": false
    },
    "sliding_door_open": {
      "start": 143,
      "end": 143.44408163265305,
      "loop": false
    },
    "spawn_enemy": {
      "start": 145,
      "end": 145.60124716553287,
      "loop": false
    },
    "terminal_cancel": {
      "start": 147,
      "end": 147.14190476190475,
      "loop": false
    },
    "token_get": {
      "start": 149,
      "end": 149.94040816326532,
      "loop": false
    },
    "use_item": {
      "start": 151,
      "end": 151.29020408163265,
      "loop": false
    },
    "vr_portal_activate": {
      "start": 153,
      "end": 153.47020408163266,
      "loop": false
    },
    "vr_portal_beep": {
      "start": 155,
      "end": 155.23020408163265,
      "loop": false
    },
    "vr_portal_buzz": {
      "start": 157,
      "end": 157.6943537414966,
      "loop": false
    },
    "vr_portal_deactivate": {
      "start": 159,
      "end": 159.47020408163266,
      "loop": false
    },
    "vr_portal_focus": {
      "start": 161,
      "end": 161.69020408163266,
      "loop": false
    },
    "vr_portal_landed": {
      "start": 163,
      "end": 163.45020408163265,
      "loop": false
    },
    "vr_portal_start": {
      "start": 165,
      "end": 165.95020408163265,
      "loop": false
    },
    "vr_portal_zoom": {
      "start": 167,
      "end": 170.60020408163265,
      "loop": false
    },
    "woosh": {
      "start": 172,
      "end": 172.4171201814059,
      "loop": false
    },
    "woosh_reverse": {
      "start": 174,
      "end": 174.35156462585033,
      "loop": false
    },
    "zap": {
      "start": 176,
      "end": 176.26122448979592,
      "loop": false
    }
  },
  "autoplay": "silence"
}