{
  "resources": [
    "foley.mp3"
  ],
  "spritemap": {
    "silence": {
      "start": 0,
      "end": 2,
      "loop": true
    },
    "aggro_alert": {
      "start": 3,
      "end": 3.7314285714285713,
      "loop": false
    },
    "arcade_game_ready": {
      "start": 5,
      "end": 5.789478458049887,
      "loop": false
    },
    "arcade_game_triggered": {
      "start": 7,
      "end": 7.440476190476191,
      "loop": false
    },
    "bass_kicks2": {
      "start": 9,
      "end": 10.776326530612245,
      "loop": false
    },
    "battle_armor_broken3": {
      "start": 12,
      "end": 12.620204081632654,
      "loop": false
    },
    "battle_armor_hit3": {
      "start": 14,
      "end": 14.360204081632652,
      "loop": false
    },
    "battle_arrow_hit": {
      "start": 16,
      "end": 16.17310657596372,
      "loop": false
    },
    "battle_cast": {
      "start": 18,
      "end": 18.930204081632652,
      "loop": false
    },
    "battle_fire_explosion1_1": {
      "start": 20,
      "end": 21.166167800453515,
      "loop": false
    },
    "battle_interrupt_channel": {
      "start": 23,
      "end": 23.240204081632655,
      "loop": false
    },
    "battle_ready2": {
      "start": 25,
      "end": 25.390204081632653,
      "loop": false
    },
    "battle_staggered1_2": {
      "start": 27,
      "end": 27.766984126984127,
      "loop": false
    },
    "battle_swing1": {
      "start": 29,
      "end": 29.271473922902494,
      "loop": false
    },
    "battle_swing2": {
      "start": 31,
      "end": 31.217959183673468,
      "loop": false
    },
    "battle_swing3": {
      "start": 33,
      "end": 33.45764172335601,
      "loop": false
    },
    "battle_swing4": {
      "start": 35,
      "end": 35.43768707482993,
      "loop": false
    },
    "blip": {
      "start": 37,
      "end": 37.05020408163265,
      "loop": false
    },
    "car_woosh": {
      "start": 39,
      "end": 40.30612244897959,
      "loop": false
    },
    "change_room": {
      "start": 42,
      "end": 42.723174603174606,
      "loop": false
    },
    "dead3": {
      "start": 44,
      "end": 44.83877551020408,
      "loop": false
    },
    "despawn": {
      "start": 46,
      "end": 46.910272108843536,
      "loop": false
    },
    "despawn_tut_wall": {
      "start": 48,
      "end": 48.660204081632656,
      "loop": false
    },
    "dialog_select": {
      "start": 50,
      "end": 50.39693877551021,
      "loop": false
    },
    "dialog_woosh": {
      "start": 52,
      "end": 52.23625850340136,
      "loop": false
    },
    "eject_tokens": {
      "start": 54,
      "end": 55.01997732426304,
      "loop": false
    },
    "emotion": {
      "start": 57,
      "end": 57.23786848072562,
      "loop": false
    },
    "encounter": {
      "start": 59,
      "end": 61.091473922902495,
      "loop": false
    },
    "evasion3": {
      "start": 63,
      "end": 63.99265306122449,
      "loop": false
    },
    "exp_gain2": {
      "start": 65,
      "end": 66.67183673469388,
      "loop": false
    },
    "fanfare": {
      "start": 68,
      "end": 71.60489795918367,
      "loop": false
    },
    "gain_token": {
      "start": 73,
      "end": 73.36934240362812,
      "loop": false
    },
    "get_item2": {
      "start": 75,
      "end": 75.78367346938775,
      "loop": false
    },
    "insert_token": {
      "start": 77,
      "end": 77.83056689342403,
      "loop": false
    },
    "jump2": {
      "start": 79,
      "end": 79.24532879818594,
      "loop": false
    },
    "jump_cutscene": {
      "start": 81,
      "end": 81.18020408163265,
      "loop": false
    },
    "level_up": {
      "start": 83,
      "end": 83.53020408163265,
      "loop": false
    },
    "menu_cancel": {
      "start": 85,
      "end": 85.20485260770975,
      "loop": false
    },
    "menu_choice_close": {
      "start": 87,
      "end": 87.33104308390023,
      "loop": false
    },
    "menu_choice_open2": {
      "start": 89,
      "end": 89.32380952380953,
      "loop": false
    },
    "menu_move2": {
      "start": 91,
      "end": 91.10020408163265,
      "loop": false
    },
    "menu_select2": {
      "start": 93,
      "end": 93.36390022675737,
      "loop": false
    },
    "menu_sparkle2": {
      "start": 95,
      "end": 97.52365079365079,
      "loop": false
    },
    "notification": {
      "start": 99,
      "end": 99.10448979591837,
      "loop": false
    },
    "phone_beep": {
      "start": 101,
      "end": 101.53539682539683,
      "loop": false
    },
    "phone_beep_off": {
      "start": 103,
      "end": 103.53537414965986,
      "loop": false
    },
    "phone_ring": {
      "start": 105,
      "end": 107.31353741496599,
      "loop": false
    },
    "pop": {
      "start": 109,
      "end": 109.03020408163265,
      "loop": false
    },
    "quest_completed": {
      "start": 111,
      "end": 111.26122448979592,
      "loop": false
    },
    "quest_started": {
      "start": 113,
      "end": 113.26122448979592,
      "loop": false
    },
    "red_door_close": {
      "start": 115,
      "end": 115.73142857142857,
      "loop": false
    },
    "red_door_open": {
      "start": 117,
      "end": 117.88816326530612,
      "loop": false
    },
    "rez": {
      "start": 119,
      "end": 121.14204081632653,
      "loop": false
    },
    "robot_channel_start": {
      "start": 123,
      "end": 124.08020408163266,
      "loop": false
    },
    "robot_charge_up": {
      "start": 126,
      "end": 126.81680272108844,
      "loop": false
    },
    "robot_staggered3": {
      "start": 128,
      "end": 128.7034693877551,
      "loop": false
    },
    "robot_staggered_damaged2": {
      "start": 130,
      "end": 130.32036281179137,
      "loop": false
    },
    "shoot_arrow": {
      "start": 132,
      "end": 132.16761904761904,
      "loop": false
    },
    "skye_kick_vending_machine": {
      "start": 134,
      "end": 134.26727891156463,
      "loop": false
    },
    "sliding_door_close": {
      "start": 136,
      "end": 136.44408163265305,
      "loop": false
    },
    "sliding_door_open": {
      "start": 138,
      "end": 138.44408163265305,
      "loop": false
    },
    "spawn_enemy": {
      "start": 140,
      "end": 140.60124716553287,
      "loop": false
    },
    "terminal_cancel": {
      "start": 142,
      "end": 142.14190476190475,
      "loop": false
    },
    "use_item": {
      "start": 144,
      "end": 144.29020408163265,
      "loop": false
    },
    "vr_portal_activate": {
      "start": 146,
      "end": 146.47020408163266,
      "loop": false
    },
    "vr_portal_beep": {
      "start": 148,
      "end": 148.23020408163265,
      "loop": false
    },
    "vr_portal_buzz": {
      "start": 150,
      "end": 150.6943537414966,
      "loop": false
    },
    "vr_portal_deactivate": {
      "start": 152,
      "end": 152.47020408163266,
      "loop": false
    },
    "vr_portal_focus": {
      "start": 154,
      "end": 154.69020408163266,
      "loop": false
    },
    "vr_portal_landed": {
      "start": 156,
      "end": 156.45020408163265,
      "loop": false
    },
    "vr_portal_start": {
      "start": 158,
      "end": 158.95020408163265,
      "loop": false
    },
    "vr_portal_zoom": {
      "start": 160,
      "end": 163.60020408163265,
      "loop": false
    },
    "woosh": {
      "start": 165,
      "end": 165.4171201814059,
      "loop": false
    },
    "woosh_reverse": {
      "start": 167,
      "end": 167.35156462585033,
      "loop": false
    }
  },
  "autoplay": "silence"
}